<?xml version='1.0' encoding='UTF-8' ?>
<timeLogEntries>
  <time id="1" path="/prueba/PSP0/Planning" start="@1631319838614" delta="2" interrupt="1" />
  <time id="2" path="/prueba/PSP0/Planning" start="@1631457729479" delta="77" />
  <time id="3" path="/prueba/PSP0/Planning" start="@1631462663328" delta="47" />
  <time id="4" path="/Ti2_Gianni_Benavides/PSP0/Planning" start="@1634340191760" delta="92" />
  <time id="5" path="/TI3_Gianni_Benavides/PSP0/Planning" start="@1636830698369" delta="271" />
  <time id="6" path="/TI3_Gianni_Benavides/PSP0/Design" start="@1637166057321" delta="88" />
  <time id="7" path="/TI3_Gianni_Benavides/PSP0/Code" start="@1637441990143" delta="328" />
  <time id="8" path="/TI3_Gianni_Benavides/PSP0/Code" start="@1637535956533" delta="118" />
  <time id="9" path="/TI3_Gianni_Benavides/PSP0/Code" start="@1637706520541" delta="356" />
  <time id="10" path="/TI3_Gianni_Benavides/PSP0/Code" start="@1637779032146" delta="614" />
  <time id="11" path="/TI3_Gianni_Benavides/PSP0/Code" start="@1638029382999" delta="110" />
  <time id="12" path="/TI3_Gianni_Benavides/PSP0/Code" start="@1638039735000" delta="300" />
  <time id="14" path="/TI3_Gianni_Benavides/PSP0/Code" start="@1638057833871" delta="349" />
</timeLogEntries>
