<?xml version='1.0' encoding='UTF-8' ?>
<timeLogEntries>
  <time id="1" path="/TI_SantiagoTrochez/PSP0/Planning" start="@1631457729558" delta="21" />
  <time id="2" path="/TI_SantiagoTrochez/PSP0/Planning" start="@1631461700135" delta="15" />
  <time id="3" path="/TI_SantiagoTrochez/PSP0/Planning" start="@1631462843065" delta="5" />
  <time id="4" path="/TI_SantiagoTrochez/PSP0/Planning" start="@1631463728286" delta="29" />
  <time id="5" path="/TI_SantiagoTrochez/PSP0/Planning" start="@1631762951667" delta="32" comment="Terminada la fase 1 del método de la ingeniería" />
  <time id="6" path="/TI_SantiagoTrochez/PSP0/Planning" start="@1631887684460" delta="80" comment="Terminada la fase 2, 3 y 4 del método de la ingeníeria" />
  <time id="7" path="/TI_SantiagoTrochez/PSP0/Planning" start="@1631978898889" delta="179" interrupt="10" />
  <time id="8" path="/TI_SantiagoTrochez/PSP0/Planning" start="@1631993263156" delta="117" interrupt="5" comment="Realización de Mockups" />
  <time id="9" path="/TI_SantiagoTrochez/PSP0/Planning" start="@1632069966283" delta="31" comment="Realización de mockups para la segunda alternativa y finalización de la etapa 5 del método de la ingeniería" />
  <time id="10" path="/TI_SantiagoTrochez/PSP0/Planning" start="@1632073239147" delta="10" />
  <time id="11" path="/TI_SantiagoTrochez/PSP0/Design" start="@1632074128808" delta="43" />
  <time id="12" path="/TI_SantiagoTrochez/PSP0/Design" start="@1632093204169" delta="57" interrupt="8" />
  <time id="13" path="/TI_SantiagoTrochez/PSP0/Design" start="@1632097919437" delta="22" comment="Terminación de TADS hasta HashTable" />
  <time id="14" path="/TI_SantiagoTrochez/PSP0/Design" start="@1632150420309" delta="23" comment="TAD de Stack comenzado" />
  <time id="15" path="/TI_SantiagoTrochez/PSP0/Design" start="@1632268836916" delta="59" />
  <time id="16" path="/TI_SantiagoTrochez/PSP0/Design" start="@1632276509842" delta="32" />
  <time id="17" path="/TI_SantiagoTrochez/PSP0/Code" start="@1632666041817" delta="31" />
  <time id="18" path="/TI_SantiagoTrochez/PSP0/Code" start="@1632669102026" delta="208" />
  <time id="19" path="/TI_SantiagoTrochez/PSP0/Code" start="@1632681569073" delta="144" />
  <time id="20" path="/TI_SantiagoTrochez/PSP0/Design" start="@1632690254621" delta="4" comment="Agregados los escenarios de los casos de prueba" />
  <time id="21" path="/TI_SantiagoTrochez/PSP0/Code" start="@1632690550890" delta="530" comment="Falta por asignar qué cliente tiene el menor tiempo para asignarlo a la lista." />
  <time id="22" path="/TI_SantiagoTrochez/PSP0/Design" start="@1632722536661" delta="11" />
  <time id="23" path="/TI_SantiagoTrochez/PSP0/Code" start="@1632801677227" delta="111" comment="Falta por corregir los tiempos y también la validación de números de unidades disponibles" />
  <time id="24" path="/TI_SantiagoTrochez/PSP0/Code" start="@1632868901449" delta="361" />
  <time id="25" path="/TI3_SantiagoTrochez/PSP0/Planning" start="@1636689826492" delta="35" />
  <time id="26" path="/TI3_SantiagoTrochez/PSP0/Planning" start="@1636830700208" delta="171" />
  <time id="27" path="/TI3_SantiagoTrochez/PSP0/Planning" start="@1636842785545" delta="70" comment="Implementación del método de la ingeniería" />
  <time id="28" path="/TI3_SantiagoTrochez/PSP0/Planning" start="@1636904420866" delta="19" />
  <time id="29" path="/TI3_SantiagoTrochez/PSP0/Planning" start="@1636906521867" delta="20" />
  <time id="30" path="/TI3_SantiagoTrochez/PSP0/Planning" start="@1637441565982" delta="1" interrupt="5" />
  <time id="31" path="/TI3_SantiagoTrochez/PSP0/Code" start="@1637441996440" delta="24" />
  <time id="32" path="/TI3_SantiagoTrochez/PSP0/Code" start="@1637448795004" delta="61" />
  <time id="33" path="/TI3_SantiagoTrochez/PSP0/Code" start="@1637455651101" delta="164" interrupt="30" comment="Método de Dijkstra ha sidoi implementado en los dos grafos. Este aun no ha sido probado" />
  <time id="34" path="/TI3_SantiagoTrochez/PSP0/Code" start="@1637529324128" delta="55" interrupt="2" />
  <time id="35" path="/TI3_SantiagoTrochez/PSP0/Code" start="@1637534844195" delta="36" />
  <time id="36" path="/TI3_SantiagoTrochez/PSP0/Design" start="@1637538729905" delta="7" />
  <time id="37" path="/TI3_SantiagoTrochez/PSP0/Design" start="@1637638661247" delta="4" />
  <time id="38" path="/TI3_SantiagoTrochez/PSP0/Design" start="@1637639864241" delta="45" />
  <time id="39" path="/TI3_SantiagoTrochez/PSP0/Design" start="@1637682106841" delta="13" />
  <time id="40" path="/TI3_SantiagoTrochez/PSP0/Design" start="@1637711382650" delta="34" />
  <time id="41" path="/TI3_SantiagoTrochez/PSP0/Code" start="@1637716250794" delta="13" />
  <time id="42" path="/TI3_SantiagoTrochez/PSP0/Design" start="@1637717483274" delta="35" />
  <time id="43" path="/TI3_SantiagoTrochez/PSP0/Design" start="@1637721461586" delta="10" />
  <time id="44" path="/TI3_SantiagoTrochez/PSP0/Code" start="@1637722014957" delta="133" interrupt="3" comment="Se modificó la clase de matrix graph para implementar la matriz de dicho grafo" />
  <time id="45" path="/TI3_SantiagoTrochez/PSP0/Code" start="@1637730366193" delta="38" />
  <time id="46" path="/TI3_SantiagoTrochez/PSP0/Code" start="@1637766378156" delta="116" interrupt="2" />
  <time id="47" path="/TI3_SantiagoTrochez/PSP0/Code" start="@1637777652644" delta="165" />
  <time id="48" path="/TI3_SantiagoTrochez/PSP0/Code" start="@1637797721545" delta="279" interrupt="12" />
  <time id="49" path="/TI3_SantiagoTrochez/PSP0/Code" start="@1638034534911" delta="85" />
  <time id="50" path="/TI3_SantiagoTrochez/PSP0/Code" start="@1638034525918" delta="38" />
  <time id="51" path="/TI3_SantiagoTrochez/PSP0/Code" start="@1638046098352" delta="277" interrupt="11" />
  <time id="52" path="/TI3_SantiagoTrochez/PSP0/Code" start="@1638063980826" delta="301" interrupt="27" comment="Se implementaron todas las pruebas del algoritmo dijkstra y prim para los dos grafos implementados" />
  <time id="53" path="/TI3_SantiagoTrochez/PSP0/Design" start="@1638115952576" delta="69" />
  <time id="54" path="/TI3_SantiagoTrochez/PSP0/Design" start="@1638124051428" delta="12" />
  <time id="55" path="/TI3_SantiagoTrochez/PSP0/Design" start="@1638126115025" delta="21" />
  <time id="56" path="/TI3_SantiagoTrochez/PSP0/Design" start="@1638130625181" delta="47" />
  <time id="57" path="/TI3_SantiagoTrochez/PSP0/Design" start="@1638134184157" delta="32" comment="Se implementaron líneas que unían los vertices del grafo" />
  <time id="58" path="/TI3_SantiagoTrochez/PSP0/Code" start="@1638136401885" delta="39" />
  <time id="59" path="/TI3_SantiagoTrochez/PSP0/Code" start="@1638140163326" delta="13" comment="Se implementaron las líneas de todos los países " />
  <time id="60" path="/TI3_SantiagoTrochez/PSP0/Code" start="@1638141961438" delta="135" />
  <time id="61" path="/TI3_SantiagoTrochez/PSP0/Code" start="@1638154758924" delta="132" interrupt="2" />
</timeLogEntries>
