<?xml version='1.0' encoding='UTF-8' ?>
<timeLogEntries>
  <time id="1" path="/T1_Luis Miguel-Ossa Arias/PSP0/Planning" start="@1631457724504" delta="82" interrupt="2" />
  <time id="2" path="/T1_Luis Miguel-Ossa Arias/PSP0/Planning" start="@1631464864167" delta="10" />
  <time id="3" path="/T1_Luis Miguel-Ossa Arias/PSP0/Planning" start="@1631762936582" delta="24" comment="Terminada la fase 1 del método de la ingeniería" />
  <time id="4" path="/T1_Luis Miguel-Ossa Arias/PSP0/Planning" start="@1631887695127" />
  <time id="5" path="/T1_Luis Miguel-Ossa Arias/PSP0/Planning" start="@1631887700888" delta="82" />
  <time id="6" path="/T1_Luis Miguel-Ossa Arias/PSP0/Planning" start="@1631978880732" delta="157" />
  <time id="7" path="/T1_Luis Miguel-Ossa Arias/PSP0/Planning" start="@1632070446581" delta="60" />
  <time id="8" path="/T1_Luis Miguel-Ossa Arias/PSP0/Design" start="@1632074058201" delta="46" />
  <time id="9" path="/T1_Luis Miguel-Ossa Arias/PSP0/Design" start="@1632093233219" delta="53" />
  <time id="10" path="/T1_Luis Miguel-Ossa Arias/PSP0/Design" start="@1632098944387" delta="6" />
  <time id="11" path="/T1_Luis Miguel-Ossa Arias/PSP0/Design" start="@1632268867980" delta="59" />
  <time id="12" path="/T1_Luis Miguel-Ossa Arias/PSP0/Design" start="@1632276514044" delta="42" />
  <time id="13" path="/TI3_Luis Miguel - Ossa Arias/PSP0/Planning" start="@1636689828414" delta="35" />
  <time id="14" path="/TI3_Luis Miguel - Ossa Arias/PSP0/Planning" start="@1636831142966" delta="11" />
  <time id="15" path="/TI3_Luis Miguel - Ossa Arias/PSP0/Planning" start="@1636832840851" delta="67" />
  <time id="16" path="/TI3_Luis Miguel - Ossa Arias/PSP0/Planning" start="@1636841754703" delta="12" />
  <time id="17" path="/TI3_Luis Miguel - Ossa Arias/PSP0/Planning" start="@1636846078871" delta="10" />
  <time id="18" path="/TI3_Luis Miguel - Ossa Arias/PSP0/Planning" start="@1636902670932" delta="48" />
  <time id="19" path="/TI3_Luis Miguel - Ossa Arias/PSP0/Planning" start="@1636906749398" delta="16" />
  <time id="20" path="/TI3_Luis Miguel - Ossa Arias/PSP0/Code" start="@1637164537494" delta="82" />
  <time id="21" path="/TI3_Luis Miguel - Ossa Arias/PSP0/Code" start="@1637169536008" delta="10" />
  <time id="22" path="/TI3_Luis Miguel - Ossa Arias/PSP0/Code" start="@1637444734727" delta="6" />
  <time id="23" path="/TI3_Luis Miguel - Ossa Arias/PSP0/Code" start="@1637447053661" delta="161" />
  <time id="24" path="/TI3_Luis Miguel - Ossa Arias/PSP0/Code" start="@1637459316641" delta="95" />
  <time id="25" path="/TI3_Luis Miguel - Ossa Arias/PSP0/Code" start="@1637529118241" delta="21" />
  <time id="26" path="/TI3_Luis Miguel - Ossa Arias/PSP0/Code" start="@1637534796841" delta="55" />
  <time id="27" path="/TI3_Luis Miguel - Ossa Arias/PSP0/Design" start="@1637642899657" delta="19" />
  <time id="28" path="/TI3_Luis Miguel - Ossa Arias/PSP0/Design" start="@1637644035536" delta="60" />
  <time id="29" path="/TI3_Luis Miguel - Ossa Arias/PSP0/Design" start="@1637716728152" delta="60" />
  <time id="30" path="/TI3_Luis Miguel - Ossa Arias/PSP0/Code" start="@1637722027263" delta="29" />
  <time id="31" path="/TI3_Luis Miguel - Ossa Arias/PSP0/Code" start="@1637725410045" delta="120" />
  <time id="32" path="/TI3_Luis Miguel - Ossa Arias/PSP0/Code" start="@1637768909334" delta="150" />
  <time id="33" path="/TI3_Luis Miguel - Ossa Arias/PSP0/Code" start="@1637783683908" delta="63" interrupt="1" />
  <time id="34" path="/TI3_Luis Miguel - Ossa Arias/PSP0/Code" start="@1637797712167" delta="75" />
  <time id="35" path="/TI3_Luis Miguel - Ossa Arias/PSP0/Code" start="@1637806533989" delta="92" />
  <time id="36" path="/TI3_Luis Miguel - Ossa Arias/PSP0/Code" start="@1637815589531" delta="60" />
  <time id="37" path="/TI3_Luis Miguel - Ossa Arias/PSP0/Code" start="@1638032235486" delta="68" />
  <time id="38" path="/TI3_Luis Miguel - Ossa Arias/PSP0/Design" start="@1638049102128" delta="242" interrupt="27" />
  <time id="39" path="/TI3_Luis Miguel - Ossa Arias/PSP0/Design" start="@1638068241481" delta="56" />
  <time id="40" path="/TI3_Luis Miguel - Ossa Arias/PSP0/Code" start="@1638078405676" delta="120" />
  <time id="41" path="/TI3_Luis Miguel - Ossa Arias/PSP0/Test" start="@1638117067848" delta="12" />
  <time id="42" path="/TI3_Luis Miguel - Ossa Arias/PSP0/Test" start="@1638121828525" delta="63" />
  <time id="43" path="/TI3_Luis Miguel - Ossa Arias/PSP0/Design" start="@1638136907303" delta="300" />
  <time id="44" path="/TI3_Luis Miguel - Ossa Arias/PSP0/Code" start="@1638154933260" delta="62" />
</timeLogEntries>
